"municipality_name","entitled_to_vote","turnout","yes_m","no_m","yes_m_pct","no_m_pct","yes_e","no_e","yes_e_pct","no_e_pct","yes_f","no_f","yes_f_pct","no_f_pct","yes_r","no_r","yes_r_pct","no_r_pct"
"Belprahon","246","67.9%","100","60","62.5%","37.5%","84","83","50.3%","49.7%","71","88","44.7%","55.3%","111","51","68.5%","31.5% "
"Champoz","127","74.0%","70","23","75.3%","24.7%","60","33","64.5%","35.5%","30","64","31.9%","68.1%","71","23","75.5%","24.5% "
"Corcelles","170","60.0%","77","25","75.5%","24.5%","64","36","64.0%","36.0%","46","53","46.5%","53.5%","71","25","74.0%","26.0% "
"Corgémont","1'118","54.9%","390","224","63.5%","36.5%","299","307","49.3%","50.7%","245","352","41.0%","59.0%","384","224","63.2%","36.8% "
"Cormoret","375","58.1%","112","103","52.1%","47.9%","73","145","33.5%","66.5%","114","102","52.8%","47.2%","117","101","53.7%","46.3% "
"Cortébert","494","50.8%","138","104","57.0%","43.0%","112","131","46.1%","53.9%","120","116","50.8%","49.2%","139","112","55.4%","44.6% "
"Court","1'022","55.9%","385","177","68.5%","31.5%","322","248","56.5%","43.5%","204","333","38.0%","62.0%","374","197","65.5%","34.5% "
"Courtelary","935","53.7%","282","209","57.4%","42.6%","225","277","44.8%","55.2%","238","243","49.5%","50.5%","286","211","57.5%","42.5% "
"Crémines","398","55.3%","138","75","64.8%","35.2%","110","110","50.0%","50.0%","116","90","56.3%","43.7%","118","102","53.6%","46.4% "
"Eschert","265","50.9%","74","59","55.6%","44.4%","70","65","51.9%","48.1%","64","63","50.4%","49.6%","72","60","54.5%","45.5% "
"Grandval","293","52.2%","103","49","67.8%","32.2%","87","65","57.2%","42.8%","88","65","57.5%","42.5%","69","81","46.0%","54.0% "
"La Ferrière","414","44.4%","97","87","52.7%","47.3%","64","120","34.8%","65.2%","81","96","45.8%","54.2%","77","105","42.3%","57.7% "
"La Neuveville","2'602","57.3%","733","710","50.8%","49.2%","442","1'048","29.7%","70.3%","660","759","46.5%","53.5%","785","686","53.4%","46.6% "
"Loveresse","246","56.5%","78","60","56.5%","43.5%","76","63","54.7%","45.3%","67","65","50.8%","49.2%","79","58","57.7%","42.3% "
"Mont-Tramelan","111","56.8%","41","21","66.1%","33.9%","24","38","38.7%","61.3%","32","29","52.5%","47.5%","39","24","61.9%","38.1% "
"Moutier","4'678","54.5%","1'516","969","61.0%","39.0%","1'021","1'530","40.0%","60.0%","1'249","1'190","51.2%","48.8%","1'426","1'091","56.7%","43.3% "
"Nods","570","48.8%","149","125","54.4%","45.6%","138","140","49.6%","50.4%","118","145","44.9%","55.1%","157","117","57.3%","42.7% "
"Orvin","902","53.8%","277","201","57.9%","42.1%","212","273","43.7%","56.3%","231","241","48.9%","51.1%","267","209","56.1%","43.9% "
"Perrefitte","306","59.2%","120","55","68.6%","31.4%","97","84","53.6%","46.4%","90","84","51.7%","48.3%","116","63","64.8%","35.2% "
"Péry-La Heutte","1'339","51.1%","374","307","54.9%","45.1%","320","364","46.8%","53.2%","301","358","45.7%","54.3%","395","281","58.4%","41.6% "
"Petit-Val","303","69.0%","129","77","62.6%","37.4%","113","96","54.1%","45.9%","103","100","50.7%","49.3%","117","91","56.3%","43.8% "
"Plateau de Diesse","1'508","56.2%","477","354","57.4%","42.6%","331","516","39.1%","60.9%","405","401","50.2%","49.8%","478","357","57.2%","42.8% "
"Rebévelier","35","57.1%","9","11","45.0%","55.0%","11","9","55.0%","45.0%","13","6","68.4%","31.6%","10","10","50.0%","50.0% "
"Reconvilier","1'492","56.1%","556","275","66.9%","33.1%","430","407","51.4%","48.6%","350","452","43.6%","56.4%","495","325","60.4%","39.6% "
"Renan ","679","52.4%","189","163","53.7%","46.3%","154","202","43.3%","56.7%","179","157","53.3%","46.7%","181","174","51.0%","49.0% "
"Roches","161","44.1%","50","19","72.5%","27.5%","47","22","68.1%","31.9%","35","26","57.4%","42.6%","45","26","63.4%","36.6% "
"Romont ","153","64.7%","60","34","63.8%","36.2%","53","46","53.5%","46.5%","40","54","42.6%","57.4%","61","37","62.2%","37.8% "
"Saicourt","467","56.7%","169","92","64.8%","35.2%","146","119","55.1%","44.9%","109","144","43.1%","56.9%","167","94","64.0%","36.0% "
"Saint-Imier","3'021","46.7%","736","647","53.2%","46.8%","548","863","38.8%","61.2%","632","717","46.8%","53.2%","762","636","54.5%","45.5% "
"Sauge","612","55.2%","181","140","56.4%","43.6%","153","185","45.3%","54.7%","144","169","46.0%","54.0%","181","152","54.4%","45.6% "
"Saules ","124","64.5%","46","32","59.0%","41.0%","54","24","69.2%","30.8%","40","34","54.1%","45.9%","47","33","58.8%","41.3% "
"Schelten","63","33.3%","9","6","60.0%","40.0%","12","9","57.1%","42.9%","14","6","70.0%","30.0%","7","13","35.0%","65.0% "
"Seehof","67","40.3%","9","18","33.3%","66.7%","18","9","66.7%","33.3%","10","16","38.5%","61.5%","16","10","61.5%","38.5% "
"Sonceboz-Sombeval","1'255","49.4%","398","220","64.4%","35.6%","288","332","46.5%","53.5%","257","339","43.1%","56.9%","392","227","63.3%","36.7% "
"Sonvilier","877","47.1%","255","152","62.7%","37.3%","190","223","46.0%","54.0%","203","195","51.0%","49.0%","231","178","56.5%","43.5% "
"Sorvilier","216","56.0%","76","40","65.5%","34.5%","55","66","45.5%","54.5%","53","67","44.2%","55.8%","77","44","63.6%","36.4% "
"Tavannes","2'233","48.4%","675","397","63.0%","37.0%","476","604","44.1%","55.9%","509","536","48.7%","51.3%","607","465","56.6%","43.4% "
"Tramelan","3'139","55.2%","951","757","55.7%","44.3%","692","1'041","39.9%","60.1%","862","796","52.0%","48.0%","939","760","55.3%","44.7% "
"Valbirse","2'656","55.9%","950","526","64.4%","35.6%","743","742","50.0%","50.0%","574","834","40.8%","59.2%","920","552","62.5%","37.5% "
"Villeret","640","55.5%","212","134","61.3%","38.7%","149","206","42.0%","58.0%","195","150","56.5%","43.5%","186","167","52.7%","47.3% "
"Aegerten","1'352","55.0%","359","372","49.1%","50.9%","369","374","49.7%","50.3%","275","446","38.1%","61.9%","507","233","68.5%","31.5% "
"Bellmund","1'191","65.4%","376","401","48.4%","51.6%","298","481","38.3%","61.7%","236","532","30.7%","69.3%","527","250","67.8%","32.2% "
"Biel / Bienne","31'383","53.1%","6'813","9'466","41.9%","58.1%","5'204","11'475","31.2%","68.8%","8'732","7'286","54.5%","45.5%","8'038","8'326","49.1%","50.9% "
"Brügg","2'835","51.7%","714","730","49.4%","50.6%","614","851","41.9%","58.1%","629","790","44.3%","55.7%","860","586","59.5%","40.5% "
"Evilard/Leubringen","1'782","68.7%","594","599","49.8%","50.2%","341","884","27.8%","72.2%","490","693","41.4%","58.6%","681","528","56.3%","43.7% "
"Ipsach","2'935","67.1%","990","939","51.3%","48.7%","756","1'214","38.4%","61.6%","721","1'187","37.8%","62.2%","1'286","665","65.9%","34.1% "
"Lengnau ","3'279","53.5%","926","800","53.7%","46.3%","835","918","47.6%","52.4%","720","980","42.4%","57.6%","1'165","570","67.1%","32.9% "
"Ligerz","425","72.2%","136","166","45.0%","55.0%","90","217","29.3%","70.7%","121","180","40.2%","59.8%","170","135","55.7%","44.3% "
"Meinisberg","960","56.7%","301","234","56.3%","43.7%","268","276","49.3%","50.7%","198","337","37.0%","63.0%","351","191","64.8%","35.2% "
"Mörigen","670","69.9%","266","192","58.1%","41.9%","232","236","49.6%","50.4%","149","307","32.7%","67.3%","336","127","72.6%","27.4% "
"Nidau","4'543","54.6%","1'020","1'405","42.1%","57.9%","813","1'668","32.8%","67.2%","1'142","1'268","47.4%","52.6%","1'233","1'210","50.5%","49.5% "
"Orpund","1'869","56.3%","584","443","56.9%","43.1%","516","537","49.0%","51.0%","438","584","42.9%","57.1%","738","306","70.7%","29.3% "
"Pieterlen","2'475","50.2%","721","507","58.7%","41.3%","627","615","50.5%","49.5%","517","699","42.5%","57.5%","801","435","64.8%","35.2% "
"Port","2'586","59.7%","747","790","48.6%","51.4%","665","878","43.1%","56.9%","498","1'021","32.8%","67.2%","990","548","64.4%","35.6% "
"Safnern","1'478","61.2%","470","423","52.6%","47.4%","456","449","50.4%","49.6%","327","563","36.7%","63.3%","661","239","73.4%","26.6% "
"Scheuren","352","69.6%","154","87","63.9%","36.1%","123","122","50.2%","49.8%","111","131","45.9%","54.1%","163","81","66.8%","33.2% "
"Schwadernau","497","59.2%","150","141","51.5%","48.5%","156","138","53.1%","46.9%","99","183","35.1%","64.9%","215","75","74.1%","25.9% "
"Sutz-Lattrigen","1'057","63.1%","314","350","47.3%","52.7%","272","395","40.8%","59.2%","246","406","37.7%","62.3%","400","263","60.3%","39.7% "
"Twann-Tüscherz","921","65.9%","246","354","41.0%","59.0%","219","388","36.1%","63.9%","239","355","40.2%","59.8%","334","268","55.5%","44.5% "
"Aarberg","3'338","57.6%","914","1'000","47.8%","52.2%","885","1'038","46.0%","54.0%","633","1'251","33.6%","66.4%","1'229","684","64.2%","35.8% "
"Arch","1'187","56.4%","402","261","60.6%","39.4%","388","281","58.0%","42.0%","240","418","36.5%","63.5%","482","184","72.4%","27.6% "
"Bargen","759","62.2%","215","248","46.4%","53.6%","204","268","43.2%","56.8%","171","295","36.7%","63.3%","292","178","62.1%","37.9% "
"Brüttelen","417","59.5%","98","143","40.7%","59.3%","146","102","58.9%","41.1%","83","154","35.0%","65.0%","145","101","58.9%","41.1% "
"Büetigen","653","64.0%","233","176","57.0%","43.0%","234","184","56.0%","44.0%","145","261","35.7%","64.3%","263","155","62.9%","37.1% "
"Bühl","350","62.9%","119","101","54.1%","45.9%","124","96","56.4%","43.6%","63","152","29.3%","70.7%","154","66","70.0%","30.0% "
"Büren und Meienried","2'470","58.9%","750","688","52.2%","47.8%","639","815","43.9%","56.1%","569","863","39.7%","60.3%","933","520","64.2%","35.8% "
"Diessbach bei Büren","712","60.8%","228","201","53.1%","46.9%","224","209","51.7%","48.3%","166","258","39.2%","60.8%","288","145","66.5%","33.5% "
"Dotzigen","1'092","60.3%","359","288","55.5%","44.5%","328","331","49.8%","50.2%","248","392","38.8%","61.3%","426","223","65.6%","34.4% "
"Epsach","259","59.1%","78","73","51.7%","48.3%","82","68","54.7%","45.3%","72","76","48.6%","51.4%","112","41","73.2%","26.8% "
"Erlach","1'039","61.4%","284","354","44.5%","55.5%","223","415","35.0%","65.0%","250","376","39.9%","60.1%","358","277","56.4%","43.6% "
"Finsterhennen","317","62.5%","107","90","54.3%","45.7%","109","88","55.3%","44.7%","76","120","38.8%","61.2%","151","47","76.3%","23.7% "
"Gals","557","56.7%","175","136","56.3%","43.7%","133","183","42.1%","57.9%","126","182","40.9%","59.1%","210","102","67.3%","32.7% "
"Gampelen","618","57.0%","188","160","54.0%","46.0%","174","178","49.4%","50.6%","108","233","31.7%","68.3%","253","97","72.3%","27.7% "
"Grossaffoltern","2'363","63.4%","711","768","48.1%","51.9%","660","839","44.0%","56.0%","549","920","37.4%","62.6%","905","590","60.5%","39.5% "
"Hagneck","343","63.0%","114","97","54.0%","46.0%","104","111","48.4%","51.6%","101","110","47.9%","52.1%","129","87","59.7%","40.3% "
"Hermrigen","244","61.5%","84","66","56.0%","44.0%","91","58","61.1%","38.9%","51","88","36.7%","63.3%","113","34","76.9%","23.1% "
"Ins","2'271","65.5%","664","795","45.5%","54.5%","600","887","40.3%","59.7%","579","861","40.2%","59.8%","913","574","61.4%","38.6% "
"Jens","540","68.5%","176","182","49.2%","50.8%","165","205","44.6%","55.4%","128","229","35.9%","64.1%","250","119","67.8%","32.2% "
"Kallnach","1'482","59.4%","425","448","48.7%","51.3%","447","434","50.7%","49.3%","308","554","35.7%","64.3%","591","290","67.1%","32.9% "
"Kappelen","997","62.3%","325","292","52.7%","47.3%","323","298","52.0%","48.0%","235","376","38.5%","61.5%","419","200","67.7%","32.3% "
"Leuzigen","952","58.5%","298","244","55.0%","45.0%","286","271","51.3%","48.7%","211","318","39.9%","60.1%","363","187","66.0%","34.0% "
"Lüscherz","417","59.2%","130","113","53.5%","46.5%","137","110","55.5%","44.5%","90","150","37.5%","62.5%","176","70","71.5%","28.5% "
"Lyss","10'062","57.1%","2'693","2'969","47.6%","52.4%","2'259","3'487","39.3%","60.7%","2'057","3'535","36.8%","63.2%","3'520","2'178","61.8%","38.2% "
"Merzligen","332","66.0%","101","118","46.1%","53.9%","86","133","39.3%","60.7%","75","139","35.0%","65.0%","131","88","59.8%","40.2% "
"Müntschemier","786","63.5%","292","207","58.5%","41.5%","271","226","54.5%","45.5%","150","341","30.5%","69.5%","366","129","73.9%","26.1% "
"Oberwil bei Büren","646","58.8%","186","188","49.7%","50.3%","200","180","52.6%","47.4%","141","232","37.8%","62.2%","239","140","63.1%","36.9% "
"Radelfingen","1'016","62.5%","298","329","47.5%","52.5%","292","343","46.0%","54.0%","256","360","41.6%","58.4%","359","273","56.8%","43.2% "
"Rapperswil ","2'084","59.1%","645","570","53.1%","46.9%","598","633","48.6%","51.4%","433","780","35.7%","64.3%","784","442","63.9%","36.1% "
"Rüti bei Büren","666","55.9%","166","192","46.4%","53.6%","195","177","52.4%","47.6%","135","217","38.4%","61.6%","250","119","67.8%","32.2% "
"Schüpfen","2'892","59.9%","768","932","45.2%","54.8%","690","1'042","39.8%","60.2%","710","981","42.0%","58.0%","1'005","713","58.5%","41.5% "
"Seedorf ","2'379","63.0%","800","684","53.9%","46.1%","764","735","51.0%","49.0%","566","914","38.2%","61.8%","977","522","65.2%","34.8% "
"Siselen","459","59.9%","119","152","43.9%","56.1%","132","143","48.0%","52.0%","103","165","38.4%","61.6%","179","92","66.1%","33.9% "
"Studen","2'122","55.2%","645","515","55.6%","44.4%","558","614","47.6%","52.4%","447","699","39.0%","61.0%","790","376","67.8%","32.2% "
"Täuffelen","2'094","64.4%","661","657","50.2%","49.8%","619","729","45.9%","54.1%","493","815","37.7%","62.3%","840","497","62.8%","37.2% "
"Treiten","320","63.1%","116","85","57.7%","42.3%","120","80","60.0%","40.0%","63","139","31.2%","68.8%","141","60","70.1%","29.9% "
"Tschugg","301","66.1%","83","116","41.7%","58.3%","66","133","33.2%","66.8%","75","121","38.3%","61.7%","113","82","57.9%","42.1% "
"Vinelz","651","69.0%","218","221","49.7%","50.3%","175","274","39.0%","61.0%","152","290","34.4%","65.6%","279","169","62.3%","37.7% "
"Walperswil","760","60.8%","202","255","44.2%","55.8%","242","219","52.5%","47.5%","137","316","30.2%","69.8%","321","141","69.5%","30.5% "
"Wengi","449","61.9%","159","117","57.6%","42.4%","153","124","55.2%","44.8%","110","160","40.7%","59.3%","194","84","69.8%","30.2% "
"Worben","1'693","60.7%","551","468","54.1%","45.9%","522","505","50.8%","49.2%","394","605","39.4%","60.6%","677","350","65.9%","34.1% "
"Aarwangen","3'083","59.6%","926","886","51.1%","48.9%","876","949","48.0%","52.0%","620","1'189","34.3%","65.7%","1'206","630","65.7%","34.3% "
"Attiswil","1'086","61.5%","358","308","53.8%","46.2%","360","306","54.1%","45.9%","237","422","36.0%","64.0%","447","221","66.9%","33.1% "
"Auswil","405","57.5%","126","103","55.0%","45.0%","153","80","65.7%","34.3%","98","130","43.0%","57.0%","155","78","66.5%","33.5% "
"Bannwil","525","62.3%","178","141","55.8%","44.2%","188","138","57.7%","42.3%","123","198","38.3%","61.7%","224","103","68.5%","31.5% "
"Berken","38","73.7%","8","19","29.6%","70.4%","20","8","71.4%","28.6%","7","20","25.9%","74.1%","23","5","82.1%","17.9% "
"Bettenhausen","553","68.5%","191","183","51.1%","48.9%","216","163","57.0%","43.0%","133","237","35.9%","64.1%","253","121","67.6%","32.4% "
"Bleienbach","559","61.4%","183","154","54.3%","45.7%","196","147","57.1%","42.9%","118","215","35.4%","64.6%","225","118","65.6%","34.4% "
"Busswil bei Melchnau","158","68.4%","57","50","53.3%","46.7%","65","41","61.3%","38.7%","36","72","33.3%","66.7%","70","37","65.4%","34.6% "
"Eriswil","1'100","51.3%","307","246","55.5%","44.5%","323","241","57.3%","42.7%","199","349","36.3%","63.7%","394","158","71.4%","28.6% "
"Farnern","166","57.2%","45","50","47.4%","52.6%","55","40","57.9%","42.1%","24","69","25.8%","74.2%","67","25","72.8%","27.2% "
"Gondiswil","598","54.5%","174","144","54.7%","45.3%","195","129","60.2%","39.8%","105","213","33.0%","67.0%","220","106","67.5%","32.5% "
"Graben","259","61.4%","81","72","52.9%","47.1%","93","65","58.9%","41.1%","59","92","39.1%","60.9%","118","41","74.2%","25.8% "
"Heimenhausen","866","58.4%","253","252","50.1%","49.9%","278","228","54.9%","45.1%","163","327","33.3%","66.7%","339","166","67.1%","32.9% "
"Herzogenbuchsee","4'869","60.2%","1'347","1'535","46.7%","53.3%","1'082","1'849","36.9%","63.1%","1'036","1'817","36.3%","63.7%","1'738","1'177","59.6%","40.4% "
"Huttwil","3'563","55.6%","1'008","936","51.9%","48.1%","958","1'024","48.3%","51.7%","689","1'243","35.7%","64.3%","1'240","719","63.3%","36.7% "
"Inkwil","521","68.5%","169","178","48.7%","51.3%","204","153","57.1%","42.9%","120","225","34.8%","65.2%","217","133","62.0%","38.0% "
"Langenthal","10'360","58.4%","2'592","3'361","43.5%","56.5%","2'187","3'865","36.1%","63.9%","2'296","3'612","38.9%","61.1%","3'544","2'481","58.8%","41.2% "
"Lotzwil","1'706","58.6%","562","428","56.8%","43.2%","421","579","42.1%","57.9%","373","599","38.4%","61.6%","651","337","65.9%","34.1% "
"Madiswil","2'554","59.7%","783","728","51.8%","48.2%","752","772","49.3%","50.7%","508","978","34.2%","65.8%","969","545","64.0%","36.0% "
"Melchnau","1'122","55.3%","318","293","52.0%","48.0%","326","295","52.5%","47.5%","229","379","37.7%","62.3%","363","253","58.9%","41.1% "
"Niederbipp","2'963","54.2%","845","746","53.1%","46.9%","899","708","55.9%","44.1%","547","1'026","34.8%","65.2%","1'129","470","70.6%","29.4% "
"Niederönz","1'218","64.2%","374","396","48.6%","51.4%","345","437","44.1%","55.9%","301","461","39.5%","60.5%","462","306","60.2%","39.8% "
"Oberbipp","1'184","59.5%","370","327","53.1%","46.9%","398","306","56.5%","43.5%","251","441","36.3%","63.7%","493","208","70.3%","29.7% "
"Obersteckholz","338","60.7%","107","95","53.0%","47.0%","118","87","57.6%","42.4%","85","114","42.7%","57.3%","139","65","68.1%","31.9% "
"Ochlenberg","485","64.5%","179","129","58.1%","41.9%","151","162","48.2%","51.8%","124","182","40.5%","59.5%","176","133","57.0%","43.0% "
"Oeschenbach","202","54.0%","62","47","56.9%","43.1%","66","41","61.7%","38.3%","62","47","56.9%","43.1%","68","41","62.4%","37.6% "
"Reisiswil","155","56.8%","56","31","64.4%","35.6%","55","33","62.5%","37.5%","29","54","34.9%","65.1%","64","24","72.7%","27.3% "
"Roggwil (BE)","2'734","58.2%","809","756","51.7%","48.3%","760","830","47.8%","52.2%","612","935","39.6%","60.4%","955","621","60.6%","39.4% "
"Rohrbach","1'182","51.5%","341","259","56.8%","43.2%","353","256","58.0%","42.0%","243","354","40.7%","59.3%","406","202","66.8%","33.2% "
"Rohrbachgraben","296","61.1%","119","61","66.1%","33.9%","117","64","64.6%","35.4%","59","117","33.5%","66.5%","101","74","57.7%","42.3% "
"Rumisberg","381","67.5%","144","111","56.5%","43.5%","159","98","61.9%","38.1%","91","164","35.7%","64.3%","193","64","75.1%","24.9% "
"Rütschelen","441","59.9%","127","130","49.4%","50.6%","142","122","53.8%","46.2%","88","172","33.8%","66.2%","167","90","65.0%","35.0% "
"Schwarzhäusern","412","61.7%","131","123","51.6%","48.4%","147","105","58.3%","41.7%","94","155","37.8%","62.2%","167","84","66.5%","33.5% "
"Seeberg","1'269","58.1%","340","390","46.6%","53.4%","373","364","50.6%","49.4%","308","428","41.8%","58.2%","424","310","57.8%","42.2% "
"Thörigen","851","57.3%","249","223","52.8%","47.2%","280","208","57.4%","42.6%","133","341","28.1%","71.9%","337","142","70.4%","29.6% "
"Thunstetten","2'263","56.0%","675","568","54.3%","45.7%","694","574","54.7%","45.3%","511","719","41.5%","58.5%","824","407","66.9%","33.1% "
"Ursenbach","716","47.1%","168","165","50.5%","49.5%","188","149","55.8%","44.2%","113","223","33.6%","66.4%","199","137","59.2%","40.8% "
"Walliswil bei Niederbipp","180","58.3%","51","53","49.0%","51.0%","57","48","54.3%","45.7%","30","73","29.1%","70.9%","75","30","71.4%","28.6% "
"Walliswil bei Wangen","489","56.0%","167","102","62.1%","37.9%","152","122","55.5%","44.5%","109","161","40.4%","59.6%","182","87","67.7%","32.3% "
"Walterswil (BE)","442","53.4%","133","95","58.3%","41.7%","150","85","63.8%","36.2%","80","154","34.2%","65.8%","162","74","68.6%","31.4% "
"Wangen an der Aare","1'642","58.6%","469","481","49.4%","50.6%","464","499","48.2%","51.8%","332","602","35.5%","64.5%","667","284","70.1%","29.9% "
"Wangenried","340","60.3%","112","88","56.0%","44.0%","105","100","51.2%","48.8%","91","111","45.0%","55.0%","134","70","65.7%","34.3% "
"Wiedlisbach","1'648","54.8%","471","423","52.7%","47.3%","466","437","51.6%","48.4%","363","515","41.3%","58.7%","597","299","66.6%","33.4% "
"Wolfisberg","151","60.3%","50","40","55.6%","44.4%","52","39","57.1%","42.9%","31","58","34.8%","65.2%","58","33","63.7%","36.3% "
"Wynau","1'084","52.6%","308","256","54.6%","45.4%","305","265","53.5%","46.5%","212","349","37.8%","62.2%","357","210","63.0%","37.0% "
"Wyssachen","968","57.0%","317","227","58.3%","41.7%","342","210","62.0%","38.0%","220","318","40.9%","59.1%","367","175","67.7%","32.3% "
"Aefligen","818","58.3%","246","219","52.9%","47.1%","265","212","55.6%","44.4%","174","296","37.0%","63.0%","327","145","69.3%","30.7% "
"Affoltern im Emmental","926","55.5%","282","218","56.4%","43.6%","294","220","57.2%","42.8%","183","316","36.7%","63.3%","307","203","60.2%","39.8% "
"Alchenstorf","480","55.4%","120","140","46.2%","53.8%","146","120","54.9%","45.1%","77","180","30.0%","70.0%","159","102","60.9%","39.1% "
"Bätterkinden","2'438","61.0%","666","820","44.8%","55.2%","533","939","36.2%","63.8%","580","877","39.8%","60.2%","863","612","58.5%","41.5% "
"Burgdorf","11'728","60.0%","2'892","4'032","41.8%","58.2%","2'055","4'977","29.2%","70.8%","2'945","3'860","43.3%","56.7%","3'559","3'383","51.3%","48.7% "
"Dürrenroth","854","54.3%","261","202","56.4%","43.6%","274","190","59.1%","40.9%","151","303","33.3%","66.7%","311","150","67.5%","32.5% "
"Eggiwil","2'017","46.6%","534","389","57.9%","42.1%","674","266","71.7%","28.3%","313","606","34.1%","65.9%","658","273","70.7%","29.3% "
"Ersigen","1'605","63.3%","490","507","49.1%","50.9%","490","526","48.2%","51.8%","352","644","35.3%","64.7%","672","337","66.6%","33.4% "
"Hasle bei Burgdorf","2'589","57.5%","765","684","52.8%","47.2%","741","747","49.8%","50.2%","557","879","38.8%","61.2%","944","535","63.8%","36.2% "
"Heimiswil","1'199","55.5%","325","328","49.8%","50.2%","359","307","53.9%","46.1%","244","404","37.7%","62.3%","438","225","66.1%","33.9% "
"Hindelbank","1'790","57.5%","504","512","49.6%","50.4%","459","571","44.6%","55.4%","339","664","33.8%","66.2%","632","389","61.9%","38.1% "
"Höchstetten und Hellsau","370","57.8%","124","87","58.8%","41.2%","126","88","58.9%","41.1%","80","130","38.1%","61.9%","172","41","80.8%","19.2% "
"Kernenried","401","60.8%","125","116","51.9%","48.1%","139","105","57.0%","43.0%","78","154","33.6%","66.4%","151","93","61.9%","38.1% "
"Kirchberg ","4'175","60.7%","1'150","1'349","46.0%","54.0%","1'046","1'489","41.3%","58.7%","867","1'609","35.0%","65.0%","1'606","905","64.0%","36.0% "
"Koppigen","1'649","58.0%","440","502","46.7%","53.3%","440","517","46.0%","54.0%","304","627","32.7%","67.3%","658","291","69.3%","30.7% "
"Krauchthal","1'895","58.4%","594","503","54.1%","45.9%","600","507","54.2%","45.8%","430","653","39.7%","60.3%","743","352","67.9%","32.1% "
"Langnau ","7'342","55.3%","1'812","2'168","45.5%","54.5%","1'674","2'387","41.2%","58.8%","1'662","2'285","42.1%","57.9%","2'293","1'740","56.9%","43.1% "
"Lauperswil","2'195","52.8%","629","505","55.5%","44.5%","716","443","61.8%","38.2%","377","726","34.2%","65.8%","724","428","62.8%","37.2% "
"Lützelflüh","3'240","56.3%","971","829","53.9%","46.1%","985","840","54.0%","46.0%","644","1'134","36.2%","63.8%","1'173","641","64.7%","35.3% "
"Lyssach","1'102","60.8%","311","351","47.0%","53.0%","343","327","51.2%","48.8%","231","423","35.3%","64.7%","435","222","66.2%","33.8% "
"Mötschwil und Rüti b.L.","254","54.7%","62","72","46.3%","53.7%","67","72","48.2%","51.8%","54","79","40.6%","59.4%","80","56","58.8%","41.2% "
"Oberburg","2'018","55.9%","589","529","52.7%","47.3%","569","556","50.6%","49.4%","403","702","36.5%","63.5%","724","405","64.1%","35.9% "
"Röthenbach im Emmental","1'011","52.2%","343","177","66.0%","34.0%","396","132","75.0%","25.0%","185","333","35.7%","64.3%","390","135","74.3%","25.7% "
"Rüderswil","1'934","54.0%","516","506","50.5%","49.5%","619","426","59.2%","40.8%","356","650","35.4%","64.6%","694","345","66.8%","33.2% "
"Rüdtligen-Alchenflüh","1'536","51.7%","380","405","48.4%","51.6%","385","409","48.5%","51.5%","241","531","31.2%","68.8%","538","251","68.2%","31.8% "
"Rüegsau","2'590","58.4%","837","666","55.7%","44.3%","785","727","51.9%","48.1%","503","983","33.8%","66.2%","1'010","501","66.8%","33.2% "
"Rumendingen","64","71.9%","25","21","54.3%","45.7%","23","23","50.0%","50.0%","11","34","24.4%","75.6%","29","15","65.9%","34.1% "
"Schangnau","769","57.5%","309","120","72.0%","28.0%","347","95","78.5%","21.5%","99","330","23.1%","76.9%","345","87","79.9%","20.1% "
"Signau","2'188","56.5%","617","608","50.4%","49.6%","728","509","58.9%","41.1%","466","737","38.7%","61.3%","817","414","66.4%","33.6% "
"Sumiswald","4'117","52.5%","1'067","1'080","49.7%","50.3%","1'070","1'091","49.5%","50.5%","764","1'355","36.1%","63.9%","1'386","761","64.6%","35.4% "
"Trachselwald","795","54.5%","247","174","58.7%","41.3%","263","170","60.7%","39.3%","175","246","41.6%","58.4%","264","167","61.3%","38.7% "
"Trub","1'328","43.7%","321","228","58.5%","41.5%","389","191","67.1%","32.9%","257","288","47.2%","52.8%","346","219","61.2%","38.8% "
"Trubschachen","1'116","54.9%","306","295","50.9%","49.1%","313","300","51.1%","48.9%","239","350","40.6%","59.4%","384","222","63.4%","36.6% "
"Utzenstorf","3'192","59.3%","841","1'024","45.1%","54.9%","840","1'053","44.4%","55.6%","724","1'139","38.9%","61.1%","1'120","749","59.9%","40.1% "
"Wiler bei Utzenstorf","703","51.9%","187","176","51.5%","48.5%","170","195","46.6%","53.4%","134","224","37.4%","62.6%","222","142","61.0%","39.0% "
"Willadingen","174","62.1%","62","45","57.9%","42.1%","53","55","49.1%","50.9%","30","77","28.0%","72.0%","75","33","69.4%","30.6% "
"Wynigen","1'653","60.1%","515","473","52.1%","47.9%","505","488","50.9%","49.1%","369","607","37.8%","62.2%","592","398","59.8%","40.2% "
"Zielebach","265","55.5%","68","77","46.9%","53.1%","84","63","57.1%","42.9%","61","83","42.4%","57.6%","96","50","65.8%","34.2% "
"Allmendingen","412","70.6%","168","122","57.9%","42.1%","141","147","49.0%","51.0%","71","213","25.0%","75.0%","200","91","68.7%","31.3% "
"Arni ","753","56.6%","212","210","50.2%","49.8%","261","165","61.3%","38.7%","134","281","32.3%","67.7%","286","136","67.8%","32.2% "
"Bäriswil","819","70.5%","309","264","53.9%","46.1%","272","301","47.5%","52.5%","210","360","36.8%","63.2%","350","227","60.7%","39.3% "
"Belp","8'377","63.7%","2'571","2'685","48.9%","51.1%","2'341","2'999","43.8%","56.2%","1'989","3'183","38.5%","61.5%","3'267","2'032","61.7%","38.3% "
"Bern","86'736","67.8%","15'928","41'756","27.6%","72.4%","10'193","48'602","17.3%","82.7%","30'672","26'391","53.8%","46.2%","22'306","35'527","38.6%","61.4% "
"Biglen","1'350","60.0%","356","437","44.9%","55.1%","350","460","43.2%","56.8%","247","547","31.1%","68.9%","563","242","69.9%","30.1% "
"Bolligen","4'759","74.0%","1'488","2'005","42.6%","57.4%","1'073","2'450","30.5%","69.5%","1'404","2'066","40.5%","59.5%","1'927","1'586","54.9%","45.1% "
"Bowil","1'109","55.3%","318","289","52.4%","47.6%","360","253","58.7%","41.3%","230","377","37.9%","62.1%","408","205","66.6%","33.4% "
"Bremgarten ","3'231","75.3%","936","1'453","39.2%","60.8%","602","1'831","24.7%","75.3%","952","1'415","40.2%","59.8%","1'178","1'237","48.8%","51.2% "
"Brenzikofen","422","63.3%","150","117","56.2%","43.8%","160","105","60.4%","39.6%","96","167","36.5%","63.5%","162","103","61.1%","38.9% "
"Diemerswil","156","70.5%","51","58","46.8%","53.2%","49","61","44.5%","55.5%","41","55","42.7%","57.3%","71","39","64.5%","35.5% "
"Ferenbalm","954","65.8%","343","276","55.4%","44.6%","348","280","55.4%","44.6%","230","386","37.3%","62.7%","390","229","63.0%","37.0% "
"Fraubrunnen","3'796","63.8%","1'154","1'245","48.1%","51.9%","959","1'462","39.6%","60.4%","831","1'534","35.1%","64.9%","1'458","948","60.6%","39.4% "
"Frauenkappelen","942","64.2%","280","308","47.6%","52.4%","223","382","36.9%","63.1%","226","367","38.1%","61.9%","337","268","55.7%","44.3% "
"Freimettigen","347","62.2%","117","97","54.7%","45.3%","104","110","48.6%","51.4%","92","122","43.0%","57.0%","122","94","56.5%","43.5% "
"Gelterfingen","224","64.3%","71","72","49.7%","50.3%","93","51","64.6%","35.4%","57","83","40.7%","59.3%","98","46","68.1%","31.9% "
"Gerzensee","910","64.6%","278","299","48.2%","51.8%","264","324","44.9%","55.1%","190","380","33.3%","66.7%","358","227","61.2%","38.8% "
"Golaten","243","64.2%","81","72","52.9%","47.1%","97","59","62.2%","37.8%","53","94","36.1%","63.9%","100","52","65.8%","34.2% "
"Grosshöchstetten","2'672","64.2%","823","866","48.7%","51.3%","661","1'055","38.5%","61.5%","557","1'102","33.6%","66.4%","1'040","646","61.7%","38.3% "
"Guggisberg","1'309","47.1%","347","260","57.2%","42.8%","368","236","60.9%","39.1%","271","334","44.8%","55.2%","348","269","56.4%","43.6% "
"Gurbrü","187","66.8%","66","55","54.5%","45.5%","66","59","52.8%","47.2%","48","71","40.3%","59.7%","71","50","58.7%","41.3% "
"Häutligen","212","62.3%","79","47","62.7%","37.3%","86","45","65.6%","34.4%","44","86","33.8%","66.2%","86","46","65.2%","34.8% "
"Herbligen","461","61.6%","153","131","53.9%","46.1%","163","120","57.6%","42.4%","82","192","29.9%","70.1%","202","80","71.6%","28.4% "
"Iffwil","329","63.2%","106","99","51.7%","48.3%","100","108","48.1%","51.9%","68","137","33.2%","66.8%","120","87","58.0%","42.0% "
"Ittigen","7'567","61.1%","2'020","2'525","44.4%","55.6%","1'547","3'078","33.4%","66.6%","1'735","2'762","38.6%","61.4%","2'674","1'902","58.4%","41.6% "
"Jegenstorf","4'175","67.6%","1'264","1'515","45.5%","54.5%","998","1'826","35.3%","64.7%","1'003","1'756","36.4%","63.6%","1'637","1'170","58.3%","41.7% "
"Kaufdorf","779","69.8%","288","250","53.5%","46.5%","209","335","38.4%","61.6%","233","303","43.5%","56.5%","315","229","57.9%","42.1% "
"Kehrsatz","2'699","66.8%","812","958","45.9%","54.1%","592","1'210","32.9%","67.1%","676","1'072","38.7%","61.3%","1'009","773","56.6%","43.4% "
"Kiesen","691","63.0%","216","214","50.2%","49.8%","211","224","48.5%","51.5%","142","275","34.1%","65.9%","273","159","63.2%","36.8% "
"Kirchdorf",NA,NA,NA,NA,NA,NA,NA,NA,NA,NA,NA,NA,NA,NA,NA,NA,NA,NA
" Jaberg",NA,NA,NA,NA,NA,NA,NA,NA,NA,NA,NA,NA,NA,NA,NA,NA,NA,NA
" Noflen","1'196","64.9%","361","407","47.0%","53.0%","383","393","49.4%","50.6%","260","493","34.5%","65.5%","479","290","62.3%","37.7% "
"Kirchenthurnen","229","59.8%","78","58","57.4%","42.6%","75","60","55.6%","44.4%","46","89","34.1%","65.9%","99","38","72.3%","27.7% "
"Kirchlindach","2'250","75.2%","653","1'013","39.2%","60.8%","548","1'144","32.4%","67.6%","630","1'026","38.0%","62.0%","903","767","54.1%","45.9% "
"Köniz","27'848","66.3%","7'160","10'989","39.5%","60.5%","5'253","13'205","28.5%","71.5%","7'997","9'958","44.5%","55.5%","9'267","8'993","50.8%","49.2% "
"Konolfingen","4'021","63.0%","1'197","1'287","48.2%","51.8%","1'114","1'420","44.0%","56.0%","922","1'537","37.5%","62.5%","1'464","1'020","58.9%","41.1% "
"Kriechenwil","348","59.8%","115","89","56.4%","43.6%","102","106","49.0%","51.0%","86","120","41.7%","58.3%","129","77","62.6%","37.4% "
"Landiswil","541","60.4%","180","144","55.6%","44.4%","213","114","65.1%","34.9%","113","205","35.5%","64.5%","214","113","65.4%","34.6% "
"Laupen","2'266","60.3%","579","774","42.8%","57.2%","478","889","35.0%","65.0%","478","870","35.5%","64.5%","799","552","59.1%","40.9% "
"Linden","1'034","55.0%","338","216","61.0%","39.0%","396","173","69.6%","30.4%","199","348","36.4%","63.6%","410","146","73.7%","26.3% "
"Lohnstorf","171","65.5%","45","65","40.9%","59.1%","53","59","47.3%","52.7%","39","73","34.8%","65.2%","63","48","56.8%","43.2% "
"Mattstetten","467","70.7%","158","172","47.9%","52.1%","148","182","44.8%","55.2%","106","220","32.5%","67.5%","208","121","63.2%","36.8% "
"Meikirch","1'945","70.4%","605","744","44.8%","55.2%","453","917","33.1%","66.9%","552","787","41.2%","58.8%","763","598","56.1%","43.9% "
"Mirchel","477","55.8%","149","112","57.1%","42.9%","156","110","58.6%","41.4%","96","164","36.9%","63.1%","159","107","59.8%","40.2% "
"Moosseedorf","2'733","59.1%","748","829","47.4%","52.6%","673","941","41.7%","58.3%","1'037","522","66.5%","33.5%","978","621","61.2%","38.8% "
"Mühleberg","2'236","62.3%","674","704","48.9%","51.1%","645","747","46.3%","53.7%","506","843","37.5%","62.5%","906","479","65.4%","34.6% "
"Mühledorf ","182","69.2%","61","63","49.2%","50.8%","53","73","42.1%","57.9%","45","80","36.0%","64.0%","63","60","51.2%","48.8% "
"Mühlethurnen","1'097","67.6%","292","439","39.9%","60.1%","272","470","36.7%","63.3%","317","409","43.7%","56.3%","401","341","54.0%","46.0% "
"Münchenbuchsee","6'984","60.4%","1'914","2'245","46.0%","54.0%","1'446","2'772","34.3%","65.7%","1'687","2'427","41.0%","59.0%","2'331","1'857","55.7%","44.3% "
"Münchenwiler und Clavaleyres","386","56.2%","116","101","53.5%","46.5%","108","109","49.8%","50.2%","55","160","25.6%","74.4%","154","62","71.3%","28.7% "
"Münsingen","8'786","67.6%","2'534","3'308","43.4%","56.6%","2'004","3'935","33.7%","66.3%","2'270","3'483","39.5%","60.5%","3'325","2'567","56.4%","43.6% "
"Muri bei Bern","9'450","71.2%","2'640","4'005","39.7%","60.3%","1'855","4'878","27.6%","72.4%","2'300","4'311","34.8%","65.2%","3'870","2'825","57.8%","42.2% "
"Neuenegg","3'836","60.6%","1'107","1'169","48.6%","51.4%","1'135","1'189","48.8%","51.2%","818","1'451","36.1%","63.9%","1'537","767","66.7%","33.3% "
"Niederhünigen","492","65.2%","153","157","49.4%","50.6%","139","182","43.3%","56.7%","125","181","40.8%","59.2%","187","130","59.0%","41.0% "
"Oberbalm","700","60.1%","223","193","53.6%","46.4%","249","172","59.1%","40.9%","168","233","41.9%","58.1%","272","147","64.9%","35.1% "
"Oberdiessbach","2'704","62.9%","885","793","52.7%","47.3%","855","847","50.2%","49.8%","622","1'031","37.6%","62.4%","1'038","637","62.0%","38.0% "
"Oberhünigen","234","60.3%","87","49","64.0%","36.0%","88","52","62.9%","37.1%","58","80","42.0%","58.0%","94","47","66.7%","33.3% "
"Oberthal","623","53.0%","181","147","55.2%","44.8%","198","132","60.0%","40.0%","139","186","42.8%","57.2%","187","130","59.0%","41.0% "
"Oppligen","519","55.3%","148","131","53.0%","47.0%","149","138","51.9%","48.1%","92","182","33.6%","66.4%","166","112","59.7%","40.3% "
"Ostermundigen","10'304","57.1%","2'524","3'256","43.7%","56.3%","2'005","3'875","34.1%","65.9%","2'368","3'321","41.6%","58.4%","3'390","2'431","58.2%","41.8% "
"Riggisberg","1'912","57.0%","605","474","56.1%","43.9%","610","479","56.0%","44.0%","403","656","38.1%","61.9%","705","377","65.2%","34.8% "
"Rubigen","2'248","65.6%","645","805","44.5%","55.5%","520","955","35.3%","64.7%","513","428","54.5%","45.5%","864","590","59.4%","40.6% "
"Rüeggisberg","1'494","56.0%","431","392","52.4%","47.6%","492","344","58.9%","41.1%","355","454","43.9%","56.1%","507","319","61.4%","38.6% "
"Rümligen","354","65.8%","124","109","53.2%","46.8%","118","113","51.1%","48.9%","108","125","46.4%","53.6%","145","88","62.2%","37.8% "
"Rüschegg","1'406","50.4%","376","325","53.6%","46.4%","405","303","57.2%","42.8%","335","350","48.9%","51.1%","455","244","65.1%","34.9% "
"Schlosswil","512","61.5%","149","163","47.8%","52.2%","145","170","46.0%","54.0%","140","174","44.6%","55.4%","195","120","61.9%","38.1% "
"Schwarzenburg","5'531","57.0%","1'510","1'598","48.6%","51.4%","1'470","1'682","46.6%","53.4%","1'310","1'735","43.0%","57.0%","1'862","1'267","59.5%","40.5% "
"Stettlen","2'312","66.7%","657","874","42.9%","57.1%","536","1'005","34.8%","65.2%","549","979","35.9%","64.1%","933","610","60.5%","39.5% "
"Tägertschi","301","69.8%","90","114","44.1%","55.9%","102","108","48.6%","51.4%","73","131","35.8%","64.2%","121","85","58.7%","41.3% "
"Toffen","1'941","64.4%","616","624","49.7%","50.3%","527","723","42.2%","57.8%","411","811","33.6%","66.4%","770","478","61.7%","38.3% "
"Urtenen-Schönbühl","4'226","58.6%","1'147","1'292","47.0%","53.0%","1'029","1'446","41.6%","58.4%","914","1'488","38.1%","61.9%","1'462","981","59.8%","40.2% "
"Vechigen","4'038","69.1%","1'300","1'453","47.2%","52.8%","1'099","1'690","39.4%","60.6%","1'049","1'675","38.5%","61.5%","1'646","1'132","59.3%","40.7% "
"Wald und Niedermuhlern","1'340","61.6%","415","402","50.8%","49.2%","370","455","44.8%","55.2%","335","466","41.8%","58.2%","493","324","60.3%","39.7% "
"Walkringen","1'446","58.0%","400","420","48.8%","51.2%","465","373","55.5%","44.5%","304","504","37.6%","62.4%","530","300","63.9%","36.1% "
"Wichtrach","3'149","61.7%","919","1'004","47.8%","52.2%","852","1'090","43.9%","56.1%","715","1'171","37.9%","62.1%","1'262","665","65.5%","34.5% "
"Wiggiswil und Deisswil b.M.","151","68.9%","51","52","49.5%","50.5%","52","52","50.0%","50.0%","58","41","58.6%","41.4%","70","32","68.6%","31.4% "
"Wileroltigen","281","60.9%","97","68","58.8%","41.2%","102","69","59.6%","40.4%","56","102","35.4%","64.6%","127","40","76.0%","24.0% "
"Wohlen","6'886","73.3%","2'034","2'931","41.0%","59.0%","1'535","3'509","30.4%","69.6%","2'114","2'833","42.7%","57.3%","2'610","2'395","52.1%","47.9% "
"Worb","8'197","63.3%","2'363","2'715","46.5%","53.5%","1'888","3'303","36.4%","63.6%","1'990","3'034","39.6%","60.4%","3'045","2'093","59.3%","40.7% "
"Zäziwil","1'247","59.5%","390","343","53.2%","46.8%","349","393","47.0%","53.0%","268","453","37.2%","62.8%","435","300","59.2%","40.8% "
"Zollikofen","6'858","65.2%","1'864","2'547","42.3%","57.7%","1'532","2'937","34.3%","65.7%","1'732","2'632","39.7%","60.3%","2'542","1'893","57.3%","42.7% "
"Zuzwil","445","70.8%","129","180","41.7%","58.3%","120","195","38.1%","61.9%","94","217","30.2%","69.8%","194","121","61.6%","38.4% "
"Amsoldingen","666","61.0%","202","204","49.8%","50.2%","218","186","54.0%","46.0%","153","251","37.9%","62.1%","262","143","64.7%","35.3% "
"Blumenstein","1'009","58.9%","316","261","54.8%","45.2%","350","243","59.0%","41.0%","224","355","38.7%","61.3%","359","235","60.4%","39.6% "
"Buchholterberg","1'256","59.2%","543","194","73.7%","26.3%","517","226","69.6%","30.4%","200","523","27.7%","72.3%","515","223","69.8%","30.2% "
"Burgistein","881","60.8%","269","261","50.8%","49.2%","299","237","55.8%","44.2%","213","307","41.0%","59.0%","327","209","61.0%","39.0% "
"Eriz","430","57.4%","157","73","68.3%","31.7%","198","49","80.2%","19.8%","71","158","31.0%","69.0%","191","53","78.3%","21.7% "
"Fahrni","623","69.7%","291","143","67.1%","32.9%","230","139","62.3%","37.7%","125","239","34.3%","65.7%","249","121","67.3%","32.7% "
"Forst-Längenbühl","610","63.6%","198","178","52.7%","47.3%","239","149","61.6%","38.4%","140","234","37.4%","62.6%","246","135","64.6%","35.4% "
"Gurzelen","649","61.8%","229","165","58.1%","41.9%","230","171","57.4%","42.6%","151","237","38.9%","61.1%","259","139","65.1%","34.9% "
"Heiligenschwendi","524","57.3%","172","118","59.3%","40.7%","164","136","54.7%","45.3%","108","181","37.4%","62.6%","210","88","70.5%","29.5% "
"Heimberg","4'968","59.1%","1'580","1'292","55.0%","45.0%","1'505","1'431","51.3%","48.7%","999","1'845","35.1%","64.9%","1'974","933","67.9%","32.1% "
"Hilterfingen","3'160","64.8%","914","1'113","45.1%","54.9%","739","1'308","36.1%","63.9%","757","1'246","37.8%","62.2%","1'070","953","52.9%","47.1% "
"Homberg","384","64.8%","162","79","67.2%","32.8%","175","74","70.3%","29.7%","91","146","38.4%","61.6%","171","71","70.7%","29.3% "
"Horrenbach-Buchen","182","61.5%","77","32","70.6%","29.4%","101","11","90.2%","9.8%","42","66","38.9%","61.1%","88","23","79.3%","20.7% "
"Oberhofen ","1'878","70.8%","591","719","45.1%","54.9%","525","805","39.5%","60.5%","447","857","34.3%","65.7%","810","505","61.6%","38.4% "
"Oberlangenegg","384","58.9%","163","58","73.8%","26.2%","171","55","75.7%","24.3%","55","163","25.2%","74.8%","164","57","74.2%","25.8% "
"Pohlern","200","57.5%","65","46","58.6%","41.4%","78","37","67.8%","32.2%","39","75","34.2%","65.8%","85","28","75.2%","24.8% "
"Reutigen","786","64.2%","280","222","55.8%","44.2%","289","213","57.6%","42.4%","165","330","33.3%","66.7%","359","146","71.1%","28.9% "
"Schwendibach","198","65.2%","64","62","50.8%","49.2%","77","52","59.7%","40.3%","46","79","36.8%","63.2%","93","34","73.2%","26.8% "
"Seftigen","1'705","58.9%","547","448","55.0%","45.0%","498","506","49.6%","50.4%","372","608","38.0%","62.0%","616","379","61.9%","38.1% "
"Sigriswil","3'876","65.9%","1'374","1'133","54.8%","45.2%","1'559","997","61.0%","39.0%","917","1'565","36.9%","63.1%","1'668","868","65.8%","34.2% "
"Steffisburg","11'857","62.6%","3'712","3'591","50.8%","49.2%","3'305","4'117","44.5%","55.5%","2'801","4'406","38.9%","61.1%","4'524","2'831","61.5%","38.5% "
"Stocken-Höfen","792","53.8%","229","190","54.7%","45.3%","289","137","67.8%","32.2%","152","259","37.0%","63.0%","292","128","69.5%","30.5% "
"Teuffenthal","142","61.3%","53","34","60.9%","39.1%","64","23","73.6%","26.4%","45","40","52.9%","47.1%","52","34","60.5%","39.5% "
"Thierachern","1'836","64.4%","692","479","59.1%","40.9%","651","532","55.0%","45.0%","445","704","38.7%","61.3%","781","402","66.0%","34.0% "
"Thun","32'683","59.4%","8'883","10'173","46.6%","53.4%","7'850","11'553","40.5%","59.5%","7'596","11'268","40.3%","59.7%","11'347","7'845","59.1%","40.9% "
"Uebeschi","521","59.7%","191","120","61.4%","38.6%","209","102","67.2%","32.8%","115","186","38.2%","61.8%","184","127","59.2%","40.8% "
"Uetendorf","4'701","60.4%","1'543","1'269","54.9%","45.1%","1'575","1'263","55.5%","44.5%","1'018","1'708","37.3%","62.7%","1'794","1'008","64.0%","36.0% "
"Unterlangenegg","750","57.7%","286","144","66.5%","33.5%","295","138","68.1%","31.9%","131","296","30.7%","69.3%","319","113","73.8%","26.2% "
"Uttigen","1'501","58.8%","469","405","53.7%","46.3%","419","463","47.5%","52.5%","340","521","39.5%","60.5%","538","340","61.3%","38.7% "
"Wachseldorn","180","67.8%","95","25","79.2%","20.8%","93","29","76.2%","23.8%","31","88","26.1%","73.9%","95","25","79.2%","20.8% "
"Wattenwil","2'270","59.9%","801","546","59.5%","40.5%","751","609","55.2%","44.8%","555","767","42.0%","58.0%","859","491","63.6%","36.4% "
"Zwieselberg","221","68.3%","76","66","53.5%","46.5%","82","69","54.3%","45.7%","56","85","39.7%","60.3%","79","70","53.0%","47.0% "
"Boltigen","1'091","55.9%","348","251","58.1%","41.9%","414","196","67.9%","32.1%","211","389","35.2%","64.8%","464","142","76.6%","23.4% "
"Gsteig","712","52.0%","166","191","46.5%","53.5%","206","164","55.7%","44.3%","126","228","35.6%","64.4%","272","94","74.3%","25.7% "
"Lauenen","612","55.7%","177","149","54.3%","45.7%","200","141","58.7%","41.3%","111","200","35.7%","64.3%","250","86","74.4%","25.6% "
"Lenk","1'829","59.9%","571","488","53.9%","46.1%","660","435","60.3%","39.7%","360","688","34.4%","65.6%","769","300","71.9%","28.1% "
"Saanen","4'416","57.2%","1'221","1'263","49.2%","50.8%","1'227","1'298","48.6%","51.4%","763","1'668","31.4%","68.6%","1'826","674","73.0%","27.0% "
"St.Stephan","1'059","68.3%","461","236","66.1%","33.9%","535","188","74.0%","26.0%","204","493","29.3%","70.7%","533","178","75.0%","25.0% "
"Zweisimmen","2'308","59.4%","639","706","47.5%","52.5%","708","664","51.6%","48.4%","464","876","34.6%","65.4%","888","465","65.6%","34.4% "
"Adelboden","2'701","68.1%","1'168","658","64.0%","36.0%","1'169","671","63.5%","36.5%","589","1'197","33.0%","67.0%","1'315","509","72.1%","27.9% "
"Aeschi ","1'699","63.7%","588","472","55.5%","44.5%","584","498","54.0%","46.0%","415","631","39.7%","60.3%","672","397","62.9%","37.1% "
"Därstetten","668","59.6%","173","205","45.8%","54.2%","272","126","68.3%","31.7%","141","232","37.8%","62.2%","273","122","69.1%","30.9% "
"Diemtigen","1'725","56.9%","580","368","61.2%","38.8%","719","263","73.2%","26.8%","324","605","34.9%","65.1%","716","248","74.3%","25.7% "
"Erlenbach","1'359","57.5%","421","343","55.1%","44.9%","481","300","61.6%","38.4%","290","473","38.0%","62.0%","490","282","63.5%","36.5% "
"Frutigen","5'306","61.7%","1'973","1'224","61.7%","38.3%","1'927","1'349","58.8%","41.2%","1'200","1'963","37.9%","62.1%","2'035","1'200","62.9%","37.1% "
"Kandergrund","619","57.5%","231","122","65.4%","34.6%","246","110","69.1%","30.9%","135","217","38.4%","61.6%","249","105","70.3%","29.7% "
"Kandersteg","922","59.4%","275","267","50.7%","49.3%","260","288","47.4%","52.6%","171","361","32.1%","67.9%","325","219","59.7%","40.3% "
"Krattigen","875","61.1%","278","251","52.6%","47.4%","219","316","40.9%","59.1%","181","339","34.8%","65.2%","362","173","67.7%","32.3% "
"Oberwil ","680","61.2%","249","152","62.1%","37.9%","290","126","69.7%","30.3%","124","280","30.7%","69.3%","295","119","71.3%","28.7% "
"Reichenbach ","2'803","57.5%","910","665","57.8%","42.2%","1'073","538","66.6%","33.4%","536","1'002","34.9%","65.1%","1'013","573","63.9%","36.1% "
"Spiez","9'657","62.7%","2'954","3'028","49.4%","50.6%","2'579","3'479","42.6%","57.4%","2'428","3'472","41.2%","58.8%","3'280","2'755","54.3%","45.7% "
"Wimmis","1'839","60.4%","595","495","54.6%","45.4%","665","445","59.9%","40.1%","384","693","35.7%","64.3%","756","338","69.1%","30.9% "
"Beatenberg","885","61.9%","283","236","54.5%","45.5%","301","247","54.9%","45.1%","199","330","37.6%","62.4%","366","172","68.0%","32.0% "
"Bönigen","1'962","54.9%","529","527","50.1%","49.9%","533","544","49.5%","50.5%","374","671","35.8%","64.2%","652","411","61.3%","38.7% "
"Brienz","2'376","59.6%","727","666","52.2%","47.8%","751","664","53.1%","46.9%","516","864","37.4%","62.6%","939","462","67.0%","33.0% "
"Brienzwiler","385","59.5%","121","100","54.8%","45.2%","138","91","60.3%","39.7%","102","121","45.7%","54.3%","138","90","60.5%","39.5% "
"Därligen","313","56.9%","84","91","48.0%","52.0%","92","86","51.7%","48.3%","59","112","34.5%","65.5%","115","60","65.7%","34.3% "
"Grindelwald","2'678","57.0%","741","723","50.6%","49.4%","966","560","63.3%","36.7%","434","1'014","30.0%","70.0%","1'132","376","75.1%","24.9% "
"Gsteigwiler","326","61.0%","89","107","45.4%","54.6%","91","108","45.7%","54.3%","84","111","43.1%","56.9%","117","81","59.1%","40.9% "
"Gündlischwand","238","55.0%","62","67","48.1%","51.9%","84","44","65.6%","34.4%","30","94","24.2%","75.8%","89","42","67.9%","32.1% "
"Guttannen","226","58.0%","54","72","42.9%","57.1%","63","67","48.5%","51.5%","48","80","37.5%","62.5%","79","52","60.3%","39.7% "
"Habkern","491","57.8%","159","119","57.2%","42.8%","200","84","70.4%","29.6%","100","178","36.0%","64.0%","213","66","76.3%","23.7% "
"Hasliberg","839","55.4%","212","225","48.5%","51.5%","260","205","55.9%","44.1%","176","264","40.0%","60.0%","284","176","61.7%","38.3% "
"Hofstetten ","433","57.5%","130","116","52.8%","47.2%","127","122","51.0%","49.0%","81","166","32.8%","67.2%","173","74","70.0%","30.0% "
"Innertkirchen","847","53.8%","219","230","48.8%","51.2%","271","185","59.4%","40.6%","147","298","33.0%","67.0%","340","111","75.4%","24.6% "
"Interlaken","3'510","58.1%","901","1'094","45.2%","54.8%","823","1'216","40.4%","59.6%","771","1'229","38.6%","61.5%","1'232","781","61.2%","38.8% "
"Iseltwald","329","59.0%","99","91","52.1%","47.9%","118","76","60.8%","39.2%","68","118","36.6%","63.4%","147","45","76.6%","23.4% "
"Lauterbrunnen","1'624","55.5%","475","405","54.0%","46.0%","430","471","47.7%","52.3%","314","569","35.6%","64.4%","616","280","68.8%","31.3% "
"Leissigen","771","56.5%","222","209","51.5%","48.5%","230","206","52.8%","47.2%","173","261","39.9%","60.1%","285","148","65.8%","34.2% "
"Lütschental","195","50.3%","60","38","61.2%","38.8%","69","29","70.4%","29.6%","33","64","34.0%","66.0%","71","26","73.2%","26.8% "
"Matten ","2'789","57.6%","746","822","47.6%","52.4%","714","892","44.5%","55.5%","588","957","38.1%","61.9%","992","588","62.8%","37.2% "
"Meiringen","3'288","58.5%","925","975","48.7%","51.3%","879","1'046","45.7%","54.3%","721","1'150","38.5%","61.5%","1'188","734","61.8%","38.2% "
"Niederried ","267","58.1%","68","80","45.9%","54.1%","79","76","51.0%","49.0%","54","92","37.0%","63.0%","104","49","68.0%","32.0% "
"Oberried ","357","53.2%","93","93","50.0%","50.0%","98","92","51.6%","48.4%","86","101","46.0%","54.0%","112","77","59.3%","40.7% "
"Ringgenberg ","2'030","54.9%","570","527","52.0%","48.0%","566","549","50.8%","49.2%","451","637","41.5%","58.5%","674","441","60.4%","39.6% "
"Saxeten","96","45.8%","25","18","58.1%","41.9%","30","13","69.8%","30.2%","29","15","65.9%","34.1%","31","13","70.5%","29.5% "
"Schattenhalb","436","54.1%","100","136","42.4%","57.6%","140","96","59.3%","40.7%","63","169","27.2%","72.8%","181","54","77.0%","23.0% "
"Schwanden bei Brienz","485","61.4%","137","155","46.9%","53.1%","134","164","45.0%","55.0%","112","176","38.9%","61.1%","184","114","61.7%","38.3% "
"Unterseen","4'086","61.4%","1'175","1'307","47.3%","52.7%","1'069","1'439","42.6%","57.4%","903","1'545","36.9%","63.1%","1'493","992","60.1%","39.9% "
"Wilderswil","1'893","55.7%","548","499","52.3%","47.7%","541","513","51.3%","48.7%","378","662","36.3%","63.7%","686","368","65.1%","34.9% "
